"","nom","groupe_sigle","parti_ratt_financier","nom_circo","id_an","groups"
"1","Damien Abad","LES-REP","Les Républicains","Ain",605036,2
"2","Laurence Abeille","ECOLO","Europe Écologie Les Verts","Val-de-Marne",610427,2
"3","Ibrahim Aboubacar","SRC","Parti socialiste","Mayotte",610758,1
"4","Élie Aboud","LES-REP","Les Républicains","Hérault",267457,1
"5","Sylviane Alaux","SRC","Parti socialiste","Pyrénées-Atlantiques",608276,1
"6","Éric Alauzet","ECOLO","Europe Écologie Les Verts","Doubs",605963,2
"7","Yves Albarello","LES-REP","Les Républicains","Seine-et-Marne",243,1
"8","Brigitte Allain","ECOLO","Europe Écologie Les Verts","Dordogne",605922,1
"9","Jean-Pierre Allossery","SRC","Parti socialiste","Nord",607892,2
"10","Nicole Ameline","LES-REP","Les Républicains","Calvados",259,1
"11","Pouria Amirshahi","NI","Parti socialiste","Français établis hors de France",610968,5
"12","François André","SRC","Parti socialiste","Ille-et-Vilaine",606675,2
"13","Sylvie Andrieux","NI","Non rattachée","Bouches-du-Rhône",271,1
"14","Benoist Apparu","LES-REP","Les Républicains","Marne",333224,5
"15","Kader Arif","SRC","Parti socialiste","Haute-Garonne",590031,5
"16","Laurence Arribagé","LES-REP","Les Républicains","Haute-Garonne",642759,1
"17","François Asensi","GDR","Forces de Gauche","Seine-Saint-Denis",295,2
"18","Avi Assouly","SRC","Parti socialiste","Bouches-du-Rhône",642682,3
"19","Isabelle Attard","ECOLO","Europe Écologie Les Verts","Calvados",605625,5
"20","Julien Aubert","LES-REP","Les Républicains","Vaucluse",609726,1
"21","Olivier Audibert Troin","LES-REP","Les Républicains","Var",314,2
"22","Danielle Auroi","ECOLO","Europe Écologie Les Verts","Puy-de-Dôme",608186,3
"23","Joël Aviragnet","SRC","Parti socialiste","Haute-Garonne",642764,3
"24","Pierre Aylagas","SRC","Parti socialiste","Pyrénées-Orientales",608348,1
"25","Bruno Nestor Azerot","GDR","Mouvement initiative Populaire","Martinique",610634,3
"26","Jacques Alain Bénisti","LES-REP","Les Républicains","Val-de-Marne",267822,5
"27","Alexis Bachelay","SRC","Parti socialiste","Hauts-de-Seine",610066,3
"28","Guillaume Bachelay","SRC","Parti socialiste","Seine-Maritime",642987,5
"29","Jean-Paul Bacquet","SRC","Parti socialiste","Puy-de-Dôme",334,2
"30","Dominique Baert","SRC","Parti socialiste","Nord",339,1
"31","Frédéric Barbier","SRC","Parti socialiste","Doubs",642724,5
"32","Jean-Pierre Barbier","LES-REP","Les Républicains","Isère",606888,2
"33","Serge Bardy","SRC","Parti socialiste","Maine-et-Loire",607369,5
"34","Ericka Bareigts","SRC","Parti socialiste","Réunion",610681,1
"35","Christian Bataille","SRC","Parti socialiste","Nord",394,2
"36","Marie-Noëlle Battistel","SRC","Parti socialiste","Isère",342415,5
"37","Laurent Baumel","SRC","Parti socialiste","Indre-et-Loire",606793,1
"38","Philippe Baumel","SRC","Parti socialiste","Saône-et-Loire",608686,2
"39","Denis Baupin","ECOLO","Europe Écologie Les Verts","Paris",609016,3
"40","Nicolas Bays","SRC","Parti socialiste","Pas-de-Calais",608158,3
"41","Catherine Beaubatie","SRC","Parti socialiste","Haute-Vienne",609845,1
"42","Marie-Françoise Bechtel","SRC","Parti radical de gauche","Aisne",605076,2
"43","Jean-Marie Beffara","SRC","Parti socialiste","Indre-et-Loire",342332,1
"44","Huguette Bello","GDR","Pour la Réunion, de toutes nos forces","Réunion",441,3
"45","Luc Belot","SRC","Parti socialiste","Maine-et-Loire",607310,1
"46","Thierry Benoit","UDI","Union des Radicaux, centristes, indépendants et démocrates","Ille-et-Vilaine",332228,2
"47","Karine Berger","SRC","Parti socialiste","Hautes-Alpes",605143,5
"48","Sylvain Berrios","LES-REP","Les Républicains","Val-de-Marne",687214,1
"49","Chantal Berthelot","SRC","Parti socialiste Guyanais","Guyane",337504,3
"50","Véronique Besse","NI","Debout la France (Debout la République)","Vendée",309643,2
"51","Gisèle Biémouret","SRC","Parti socialiste","Gers",508,1
"52","Philippe Bies","SRC","Parti socialiste","Bas-Rhin",608363,2
"53","Erwann Binet","SRC","Parti socialiste","Isère",606899,5
"54","Étienne Blanc","LES-REP","Les Républicains","Ain",267075,2
"55","Jean-Pierre Blazy","SRC","Parti socialiste","Val-d'Oise",536,3
"56","Yves Blein","SRC","Parti socialiste","Rhône",608641,1
"57","Jean-Luc Bleunven","SRC","Parti socialiste","Finistère",606149,2
"58","Patrick Bloche","SRC","Parti socialiste","Paris",543,3
"59","Alain Bocquet","GDR","Parti communiste Français","Nord",551,3
"60","Daniel Boisserie","SRC","Parti socialiste","Haute-Vienne",560,2
"61","Pascale Boistard","SRC","Parti socialiste","Somme",609513,1
"62","Jacques Bompard","NI","Debout la France (Debout la République)","Vaucluse",563,1
"63","Michèle Bonneton","ECOLO","Europe Écologie Les Verts","Isère",606910,3
"64","Marcel Bonnot","LES-REP","Les Républicains","Doubs",267576,1
"65","Christophe Borgel","SRC","Parti socialiste","Haute-Garonne",606363,3
"66","Jean-Claude Bouchet","LES-REP","Les Républicains","Vaucluse",336316,3
"67","Florent Boudié","SRC","Parti socialiste","Gironde",606507,1
"68","Marie-Odile Bouillé","SRC","Parti socialiste","Loire-Atlantique",332843,1
"69","Christophe Bouillon","SRC","Parti socialiste","Seine-Maritime",267233,1
"70","Brigitte Bourguignon","SRC","Parti socialiste","Pas-de-Calais",608083,2
"71","Malek Boutih","SRC","Parti socialiste","Essonne",610045,1
"72","Kheira Bouziane-Laroussi","SRC","Parti socialiste","Côte-d'Or",605830,3
"73","Valérie Boyer","LES-REP","Les Républicains","Bouches-du-Rhône",330684,1
"74","Emeric Bréhier","SRC","Parti socialiste","Seine-et-Marne",609314,3
"75","Thierry Braillard","RRDP","Parti radical de gauche","Rhône",608495,5
"76","Xavier Breton","LES-REP","Les Républicains","Ain",330008,2
"77","Jean-Louis Bricout","SRC","Parti socialiste","Aisne",605069,1
"78","Isabelle Bruneau","SRC","Parti socialiste","Indre",606745,5
"79","Marie-George Buffet","GDR","Parti communiste Français","Seine-Saint-Denis",689,3
"80","Gwenegan Bui","SRC","Parti socialiste","Finistère",642739,1
"81","Sabine Buis","SRC","Parti socialiste","Ardèche",605261,1
"82","Jean-Claude Buisine","SRC","Parti socialiste","Somme",609535,2
"83","Sylviane Bulteau","SRC","Parti socialiste","Vendée",609743,2
"84","Vincent Burroni","SRC","Parti socialiste","Bouches-du-Rhône",695,1
"85","Alain Calmette","SRC","Parti socialiste","Cantal",605643,3
"86","Jean-Jacques Candelier","GDR","Parti communiste Français","Nord",267492,5
"87","Colette Capdevielle","SRC","Parti socialiste","Pyrénées-Atlantiques",608264,1
"88","Yann Capet","SRC","Parti socialiste","Pas-de-Calais",608098,1
"89","Marie-Arlette Carlotti","SRC","Parti socialiste","Bouches-du-Rhône",590034,3
"90","Jean-Noël Carpentier","RRDP","Parti radical de gauche","Val-d'Oise",610521,5
"91","Martine Carrillon-Couvreur","SRC","Parti socialiste","Nièvre",267188,3
"92","Patrice Carvalho","GDR","Parti communiste Français","Oise",754,2
"93","Christophe Castaner","SRC","Parti socialiste","Alpes-de-Haute-Provence",605131,5
"94","Laurent Cathala","SRC","Parti socialiste","Val-de-Marne",765,2
"95","Christophe Cavard","ECOLO","Parti socialiste","Gard",606258,1
"96","Yves Censi","LES-REP","Les Républicains","Aveyron",267266,5
"97","Nathalie Chabanne","SRC","Parti socialiste","Pyrénées-Atlantiques",608235,1
"98","Ary Chalus","RRDP","Guadeloupe Unie Socialisme et Réalité","Guadeloupe",610615,1
"99","Jean-Paul Chanteguet","SRC","Parti socialiste","Indre",810,2
"100","Marie-Anne Chapdelaine","SRC","Parti socialiste","Ille-et-Vilaine",606665,1
"101","Gérard Charasse","RRDP","Parti radical de gauche","Allier",815,5
"102","Gaby Charroux","GDR","Parti communiste Français","Bouches-du-Rhône",340755,4
"103","André Chassaigne","GDR","Parti communiste Français","Puy-de-Dôme",267306,2
"104","Luc Chatel","LES-REP","Les Républicains","Haute-Marne",267165,2
"105","Guy-Michel Chauveau","SRC","Parti socialiste","Sarthe",840,5
"106","Dominique Chauvel","SRC","Parti socialiste","Seine-Maritime",609222,1
"107","Pascal Cherki","SRC","Parti socialiste","Paris",609042,1
"108","Gérard Cherpion","LES-REP","Les Républicains","Vosges",856,1
"109","Guillaume Chevrollier","LES-REP","Les Républicains","Mayenne",607489,1
"110","Alain Chrétien","LES-REP","Les Républicains","Haute-Saône",608662,5
"111","Jean-Louis Christ","LES-REP","Les Républicains","Haut-Rhin",267358,1
"112","Dino Cinieri","LES-REP","Les Républicains","Loire",267429,2
"113","Jean-David Ciot","SRC","Parti socialiste","Bouches-du-Rhône",605557,5
"114","Jean-Michel Clément","SRC","Parti socialiste","Vienne",336439,2
"115","Marie-Françoise Clergeau","SRC","Parti socialiste","Loire-Atlantique",877,1
"116","Romain Colas","SRC","Parti socialiste","Essonne",643020,2
"117","Philip Cordery","SRC","Parti socialiste","Français établis hors de France",610891,5
"118","Sergio Coronado","ECOLO","Europe Écologie Les Verts","Français établis hors de France",610860,5
"119","Valérie Corre","SRC","Parti socialiste","Loiret",607256,2
"120","Jean-Louis Costes","LES-REP","Les Républicains","Lot-et-Garonne",695511,5
"121","Jean-Jacques Cottel","SRC","Parti socialiste","Pas-de-Calais",344114,1
"122","Charles de Courson","UDI","Association PSLE - Nouveau Centre","Marne",942,2
"123","Édouard Courtial","LES-REP","Les Républicains","Oise",267743,1
"124","Catherine Coutelle","SRC","Parti socialiste","Vienne",336421,5
"125","Jacques Cresta","SRC","Parti socialiste","Pyrénées-Orientales",608310,2
"126","Pascale Crozon","SRC","Parti socialiste","Rhône",334811,2
"127","Carlos Da Silva","SRC","Parti socialiste","Essonne",267623,5
"128","Marie-Christine Dalloz","LES-REP","Les Républicains","Jura",332523,2
"129","Yves Daniel","SRC","Parti socialiste","Loire-Atlantique",607155,2
"130","Gérald Darmanin","LES-REP","Les Républicains","Nord",607846,5
"131","Olivier Dassault","LES-REP","Les Républicains","Oise",998,5
"132","Marc-Philippe Daubresse","LES-REP","Les Républicains","Nord",1001,1
"133","Jean-Pierre Decool","LES-REP","Debout la France (Debout la République)","Nord",267762,1
"134","Laurent Degallaix","UDI","Union des Radicaux, centristes, indépendants et démocrates","Nord",702053,2
"135","Pascal Deguilhem","SRC","Parti socialiste","Dordogne",1032,3
"136","Rémi Delatte","LES-REP","Les Républicains","Côte-d'Or",267450,2
"137","Florence Delaunay","SRC","Parti socialiste","Landes",342539,1
"138","Michèle Delaunay","SRC","Parti socialiste","Gironde",331924,3
"139","Guy Delcourt","SRC","Parti socialiste","Pas-de-Calais",267923,2
"140","Carole Delga","SRC","Parti socialiste","Haute-Garonne",606351,1
"141","Pascal Demarthe","SRC","Parti socialiste","Somme",643002,2
"142","Stéphane Demilly","UDI","Association PSLE - Nouveau Centre","Somme",267241,1
"143","Sébastien Denaja","SRC","Parti socialiste","Hérault",606623,2
"144","Françoise Descamps-Crosnier","SRC","Parti socialiste","Yvelines",609435,2
"145","Jean-Louis Destans","SRC","Parti socialiste","Eure",606040,2
"146","Nicolas Dhuicq","LES-REP","Les Républicains","Aube",267178,1
"147","Sophie Dion","LES-REP","Les Républicains","Haute-Savoie",608851,1
"148","Marc Dolez","GDR","Parti communiste Français","Nord",1141,4
"149","Fanny Dombre Coste","SRC","Parti socialiste","Hérault",606573,3
"150","Jean-Pierre Door","LES-REP","Les Républicains","Loiret",267289,1
"151","Sandrine Doucet","SRC","Parti socialiste","Gironde",606412,2
"152","Jean-Luc Drapeau","SRC","Parti socialiste","Deux-Sèvres",345994,3
"153","Jeanine Dubié","RRDP","Parti radical de gauche","Hautes-Pyrénées",608292,1
"154","Françoise Dubois","SRC","Parti socialiste","Sarthe",608718,3
"155","Marianne Dubois","LES-REP","Les Républicains","Loiret",342935,1
"156","Virginie Duby-Muller","LES-REP","Les Républicains","Haute-Savoie",608826,1
"157","Jean-Pierre Dufau","SRC","Parti socialiste","Landes",1182,1
"158","Cécile Duflot","ECOLO","Europe Écologie Les Verts","Paris",588872,5
"159","Françoise Dumas","SRC","Parti socialiste","Gard",606202,5
"160","William Dumas","SRC","Parti socialiste","Gard",1193,2
"161","Laurence Dumont","SRC","Parti socialiste","Calvados",1198,2
"162","Jean-Paul Dupré","SRC","Parti socialiste","Aude",1208,2
"163","Philippe Duron","SRC","Parti socialiste","Calvados",1226,5
"164","Olivier Dussopt","SRC","Parti socialiste","Ardèche",330357,2
"165","Christian Eckert","SRC","Parti socialiste","Meurthe-et-Moselle",1243,3
"166","Corinne Erhel","SRC","Parti socialiste","Côtes-d'Armor",331282,1
"167","Sophie Errante","SRC","Parti socialiste","Loire-Atlantique",607193,1
"168","Hervé Féron","SRC","Parti socialiste","Meurthe-et-Moselle",333335,2
"169","Marie-Hélène Fabre","SRC","Parti socialiste","Aude",605349,2
"170","Olivier Falorni","RRDP","Parti radical de gauche","Charente-Maritime",605694,1
"171","Daniel Fasquelle","LES-REP","Les Républicains","Pas-de-Calais",334149,1
"172","Alain Fauré","SRC","Parti socialiste","Ariège",340432,2
"173","Martine Faure","SRC","Parti socialiste","Gironde",332015,3
"174","Olivier Faure","SRC","Parti socialiste","Seine-et-Marne",609332,5
"175","Yannick Favennec","UDI","Union des Radicaux, centristes, indépendants et démocrates","Mayenne",267042,1
"176","Georges Fenech","LES-REP","Les Républicains","Rhône",267591,1
"177","Richard Ferrand","SRC","Parti socialiste","Finistère",606171,1
"178","Geneviève Fioraso","SRC","Parti socialiste","Isère",332364,1
"179","Philippe Folliot","UDI","Association PSLE - Nouveau Centre","Tarn",267673,2
"180","Marie-Louise Fort","LES-REP","Les Républicains","Yonne",336576,3
"181","Jean-Pierre Fougerat","SRC","Parti socialiste","Loire-Atlantique",266863,2
"182","Yves Foulon","LES-REP","Les Républicains","Gironde",606478,2
"183","Jean-Marc Fournel","SRC","Parti socialiste","Meurthe-et-Moselle",343408,3
"184","Valérie Fourneyron","SRC","Parti socialiste","Seine-Maritime",335543,2
"185","Michèle Fournier-Armand","SRC","Parti socialiste","Vaucluse",609691,1
"186","Christian Franqueville","SRC","Parti socialiste","Vosges",1362,2
"187","Jacqueline Fraysse","GDR","Forces de Gauche","Hauts-de-Seine",1364,4
"188","Jean-Christophe Fromantin","NI","Association PSLE - Nouveau Centre","Hauts-de-Seine",610125,5
"189","Yves Fromion","LES-REP","Les Républicains","Cher",1379,2
"190","Laurent Furst","LES-REP","Les Républicains","Bas-Rhin",266774,2
"191","Bernard Gérard","LES-REP","Les Républicains","Nord",1459,2
"192","Geneviève Gaillard","SRC","Parti socialiste","Deux-Sèvres",2374,1
"193","Yann Galut","SRC","Parti socialiste","Cher",1401,2
"194","Claude de Ganay","LES-REP","Les Républicains","Loiret",267735,1
"195","Sauveur Gandolfi-Scheit","LES-REP","Les Républicains","Haute-Corse",331146,2
"196","Hervé Gaymard","LES-REP","Les Républicains","Savoie",1445,1
"197","Annie Genevard","LES-REP","Les Républicains","Doubs",605991,5
"198","Hélène Geoffroy","SRC","Parti socialiste","Rhône",608574,5
"199","Jean-Marc Germain","SRC","Parti socialiste","Hauts-de-Seine",610203,3
"200","Alain Gest","LES-REP","Les Républicains","Somme",1466,3
"201","Paul Giacobbi","RRDP","Non rattaché","Haute-Corse",267407,1
"202","Daniel Gibbes","LES-REP","Les Républicains","Saint-Barthélemy et Saint-Martin",610830,2
"203","Franck Gilard","LES-REP","Les Républicains","Eure",267148,3
"204","Jean-Patrick Gille","SRC","Parti socialiste","Indre-et-Loire",332305,4
"205","Charles-Ange Ginesy","LES-REP","Les Républicains","Alpes-Maritimes",267680,2
"206","Annick Girardin","NI","Cap sur l'avenir","Saint-Pierre-et-Miquelon",337633,1
"207","Joël Giraud","RRDP","Parti radical de gauche","Hautes-Alpes",267336,2
"208","Yves Goasdoue","SRC","Parti socialiste","Orne",608038,1
"209","Daniel Goldberg","SRC","Parti socialiste","Seine-Saint-Denis",336971,3
"210","Philippe Gomes","UDI","Calédonie Ensemble","Nouvelle-Calédonie",610775,1
"211","Jean-Pierre Gorges","LES-REP","Non rattaché","Eure-et-Loir",267151,1
"212","Geneviève Gosselin-Fleury","SRC","Parti socialiste","Manche",642836,2
"213","Philippe Gosselin","LES-REP","Les Républicains","Manche",266797,5
"214","Pascale Got","SRC","Parti socialiste","Gironde",331973,2
"215","Marc Goua","SRC","Parti socialiste","Maine-et-Loire",333043,1
"216","Linda Gourjade","SRC","Parti socialiste","Tarn",609578,5
"217","Laurent Grandguillaume","SRC","Parti socialiste","Côte-d'Or",605804,3
"218","Claude Greff","LES-REP","Les Républicains","Indre-et-Loire",267459,1
"219","Estelle Grelier","SRC","Parti socialiste","Seine-Maritime",609218,1
"220","Jean Grellier","SRC","Parti socialiste","Deux-Sèvres",336015,5
"221","Anne Grommerch","LES-REP","Les Républicains","Moselle",343623,2
"222","Arlette Grosskost","LES-REP","Les Républicains","Haut-Rhin",267227,2
"223","Françoise Guégot","LES-REP","Les Républicains","Seine-Maritime",335567,5
"224","Edith Gueugneau","SRC","Parti socialiste","Saône-et-Loire",608684,1
"225","Élisabeth Guigou","SRC","Parti socialiste","Seine-Saint-Denis",1579,3
"226","Jean-Jacques Guillet","LES-REP","Les Républicains","Hauts-de-Seine",1585,3
"227","Christophe Guilloteau","LES-REP","Les Républicains","Rhône",267499,1
"228","Chantal Guittet","SRC","Parti socialiste","Finistère",606161,2
"229","David Habib","SRC","Parti socialiste","Pyrénées-Atlantiques",1592,2
"230","Meyer Habib","UDI","Union des Radicaux, centristes, indépendants et démocrates","Français établis hors de France",695100,1
"231","Michel Heinrich","LES-REP","Les Républicains","Vosges",267246,5
"232","Michel Herbillon","LES-REP","Les Républicains","Val-de-Marne",1630,1
"233","Patrick Hetzel","LES-REP","Les Républicains","Bas-Rhin",608416,2
"234","Francis Hillmeyer","UDI","Association PSLE - Nouveau Centre","Haut-Rhin",216574,2
"235","Gilda Hobert","RRDP","Parti radical de gauche","Rhône",642910,1
"236","Guénhaël Huet","LES-REP","Les Républicains","Manche",333134,1
"237","Joëlle Huillier","SRC","Parti socialiste","Isère",606924,2
"238","Christian Hutin","SRC","Parti socialiste","Nord",333818,1
"239","Sébastien Huyghe","LES-REP","Les Républicains","Nord",267200,5
"240","Monique Iborra","SRC","Parti socialiste","Haute-Garonne",331835,3
"241","Françoise Imbert","SRC","Parti socialiste","Haute-Garonne",1689,1
"242","Yves Jégo","UDI","Union des Radicaux, centristes, indépendants et démocrates","Seine-et-Marne",267801,1
"243","Serge Janquin","SRC","Parti socialiste","Pas-de-Calais",1710,2
"244","Henri Jibrayel","SRC","Parti socialiste","Bouches-du-Rhône",330613,3
"245","Régis Juanico","SRC","Parti socialiste","Loire",332614,2
"246","Armand Jung","SRC","Parti socialiste","Bas-Rhin",1748,3
"247","Laurent Kalinowski","SRC","Parti socialiste","Moselle",607691,5
"248","Marietta Karamanli","SRC","Parti socialiste","Sarthe",335054,2
"249","Philippe Kemel","SRC","Parti socialiste","Pas-de-Calais",344242,5
"250","Christian Kert","LES-REP","Les Républicains","Bouches-du-Rhône",1761,2
"251","Chaynesse Khirouni","SRC","Parti socialiste","Meurthe-et-Moselle",607509,2
"252","Jacques Kossowski","LES-REP","Les Républicains","Hauts-de-Seine",1770,1
"253","Jacques Krabal","RRDP","Parti radical de gauche","Aisne",605084,5
"254","Laure de La Raudière","LES-REP","Les Républicains","Eure-et-Loir",331567,3
"255","Charles de La Verpillière","LES-REP","Les Républicains","Ain",1012,2
"256","Pierre Léautey","SRC","Parti socialiste","Seine-Maritime",642984,1
"257","Christophe Léonard","SRC","Parti socialiste","Ardennes",605278,2
"258","Bernadette Laclais","SRC","Parti socialiste","Savoie",608785,5
"259","Valérie Lacroute","LES-REP","Les Républicains","Seine-et-Marne",609245,2
"260","Conchita Lacuey","SRC","Parti socialiste","Gironde",1789,1
"261","Marc Laffineur","LES-REP","Les Républicains","Maine-et-Loire",1790,3
"262","Jean-Christophe Lagarde","UDI","Union des Radicaux, centristes, indépendants et démocrates","Seine-Saint-Denis",268019,2
"263","François-Michel Lambert","ECOLO","Parti socialiste","Bouches-du-Rhône",605518,1
"264","Jacques Lamblin","LES-REP","Les Républicains","Meurthe-et-Moselle",267551,5
"265","François Lamy","SRC","Parti socialiste","Essonne",1816,1
"266","Anne-Christine Lang","SRC","Parti socialiste","Paris",643205,3
"267","Colette Langlade","SRC","Parti socialiste","Dordogne",341339,5
"268","Guillaume Larrivé","LES-REP","Les Républicains","Yonne",267785,1
"269","Jean Lassalle","NI","Le Centre pour la France","Pyrénées-Atlantiques",1838,5
"270","Jean-Luc Laurent","SRC","Parti socialiste","Val-de-Marne",610481,3
"271","Thierry Lazaro","LES-REP","Les Républicains","Nord",1857,1
"272","Pierre-Yves Le Borgn'","SRC","Parti socialiste","Français établis hors de France",610936,2
"273","Gilbert Le Bris","SRC","Parti socialiste","Finistère",1866,2
"274","Isabelle Le Callennec","LES-REP","Les Républicains","Ille-et-Vilaine",606693,1
"275","Anne-Yvonne Le Dain","SRC","Parti socialiste","Hérault",606555,1
"276","Viviane Le Dissez","SRC","Parti socialiste","Côtes-d'Armor",341246,3
"277","Annie Le Houerou","SRC","Parti socialiste","Côtes-d'Armor",605888,2
"278","Annick Le Loch","SRC","Parti socialiste","Finistère",331658,5
"279","Dominique Le Mèner","LES-REP","Les Républicains","Sarthe",267317,5
"280","Philippe Le Ray","LES-REP","Les Républicains","Morbihan",607603,1
"281","Jean-Pierre Le Roch","SRC","Parti socialiste","Morbihan",607606,1
"282","Marie Le Vern","SRC","Parti socialiste","Seine-Maritime",642962,3
"283","Alain Leboeuf","LES-REP","Les Républicains","Vendée",609740,5
"284","Michel Lefait","SRC","Parti socialiste","Pas-de-Calais",1911,1
"285","Frédéric Lefebvre","LES-REP","Les Républicains","Français établis hors de France",346886,5
"286","Pierre Lellouche","LES-REP","Les Républicains","Paris",1931,1
"287","Axelle Lemaire","SRC","Parti socialiste","Français établis hors de France",610873,4
"288","Catherine Lemorton","SRC","Parti socialiste","Haute-Garonne",331753,5
"289","Jean Leonetti","LES-REP","Les Républicains","Alpes-Maritimes",1946,2
"290","Annick Lepetit","SRC","Parti socialiste","Paris",267965,2
"291","Arnaud Leroy","SRC","Parti socialiste","Français établis hors de France",610905,3
"292","Maurice Leroy","UDI","Association PSLE - Nouveau Centre","Loir-et-Cher",1960,5
"293","Michel Lesage","SRC","Parti socialiste","Côtes-d'Armor",1963,5
"294","Serge Letchimy","SRC","Parti progressiste Martiniquais","Martinique",337483,5
"295","Michel Liebgott","SRC","Parti socialiste","Moselle",1977,2
"296","Martine Lignières-Cassou","SRC","Parti socialiste","Pyrénées-Atlantiques",1979,2
"297","Audrey Linkenheld","SRC","Parti socialiste","Nord",607761,3
"298","Gabrielle Louis-Carabin","SRC","Démocratie et République","Guadeloupe",268042,1
"299","Lucette Lousteau","SRC","Parti socialiste","Lot-et-Garonne",607283,2
"300","Véronique Louwagie","LES-REP","Les Républicains","Orne",608016,1
"301","Lionnel Luca","LES-REP","Les Républicains","Alpes-Maritimes",2011,1
"302","Gilles Lurton","LES-REP","Les Républicains","Ille-et-Vilaine",606712,1
"303","Michel Ménard","SRC","Parti socialiste","Loire-Atlantique",332796,1
"304","Jean-Pierre Maggi","RRDP","Parti radical de gauche","Bouches-du-Rhône",642684,2
"305","Jean-Philippe Mallé","SRC","Parti socialiste","Yvelines",609465,5
"306","Noël Mamère","ECOLO","Europe Écologie Les Verts","Gironde",2045,2
"307","Jacqueline Maquet","SRC","Parti socialiste","Pas-de-Calais",334116,1
"308","Alain Marc","UMP","Union pour un Mouvement Populaire","Aveyron",267512,1
"309","Laurent Marcangeli","LES-REP","Les Républicains","Corse-du-Sud",605782,1
"310","Marie-Lou Marcel","SRC","Parti socialiste","Aveyron",330546,1
"311","Thierry Mariani","LES-REP","Les Républicains","Français établis hors de France",2073,5
"312","Alfred Marie-Jeanne","GDR","Mouvement Indépendantiste Martiniquais","Martinique",2075,1
"313","Hervé Mariton","LES-REP","Les Républicains","Drôme",2083,3
"314","Alain Marleix","LES-REP","Les Républicains","Cantal",2084,2
"315","Olivier Marleix","LES-REP","Les Républicains","Eure-et-Loir",606098,1
"316","Jean-René Marsac","SRC","Parti socialiste","Ille-et-Vilaine",332206,5
"317","Patrice Martin-Lalande","LES-REP","Les Républicains","Loir-et-Cher",2099,5
"318","Philippe Armand Martin","LES-REP","Les Républicains","Marne",2098,1
"319","Philippe Martin","SRC","Parti socialiste","Gers",267278,1
"320","Martine Martinel","SRC","Parti socialiste","Haute-Garonne",331807,2
"321","Alain Marty","LES-REP","Les Républicains","Moselle",267556,2
"322","Frédérique Massat","SRC","Parti socialiste","Ariège",267091,1
"323","Véronique Massonneau","ECOLO","Parti socialiste","Vienne",609816,2
"324","Jean-Claude Mathis","LES-REP","Les Républicains","Aube",2124,1
"325","Sandrine Mazetier","SRC","Parti socialiste","Paris",335319,1
"326","François de Mazières","LES-REP","Les Républicains","Yvelines",609345,2
"327","Patrick Mennucci","SRC","Parti socialiste","Bouches-du-Rhône",605426,3
"328","Gérard Menuel","LES-REP","Les Républicains","Aube",2155,1
"329","Damien Meslot","LES-REP","Les Républicains","Territoire de Belfort",267327,1
"330","Kléber Mesquida","SRC","Parti socialiste","Hérault",267479,3
"331","Jean-Claude Mignon","LES-REP","Les Républicains","Seine-et-Marne",2191,5
"332","Jacques Moignard","RRDP","Parti radical de gauche","Tarn-et-Garonne",346170,2
"333","Paul Molac","ECOLO","Parti socialiste","Morbihan",607619,1
"334","Franck Montaugé","SRC","Parti socialiste","Gers",643211,4
"335","Pierre Morange","LES-REP","Les Républicains","Yvelines",2229,5
"336","Yannick Moreau","LES-REP","Les Républicains","Vendée",609764,5
"337","Pierre Morel-A-L'Huissier","LES-REP","Les Républicains","Lozère",266788,5
"338","Hervé Morin","UDI","Association PSLE - Nouveau Centre","Eure",2236,5
"339","Alain Moyne-Bressand","LES-REP","Les Républicains","Isère",2250,5
"340","Jacques Myard","LES-REP","Les Républicains","Yvelines",2257,2
"341","Dominique Nachury","LES-REP","Les Républicains","Rhône",344776,2
"342","Corinne Narassiguin","SRC","Parti socialiste","Français établis hors de France",610850,5
"343","Philippe Nauche","SRC","Parti socialiste","Corrèze",2265,4
"344","Ségolène Neuville","SRC","Parti socialiste","Pyrénées-Orientales",608328,1
"345","Yves Nicolin","LES-REP","Les Républicains","Loire",2277,1
"346","Nathalie Nieson","SRC","Parti socialiste","Drôme",606030,1
"347","Jean-Philippe Nilor","GDR","Mouvement Indépendantiste Martiniquais","Martinique",610654,3
"348","Robert Olive","SRC","Parti socialiste","Pyrénées-Orientales",642885,5
"349","Dominique Orliac","RRDP","Parti radical de gauche","Lot",332950,2
"350","Monique Orphé","SRC","Parti socialiste","Réunion",610729,1
"351","Michel Pajon","SRC","Parti socialiste","Seine-Saint-Denis",2317,3
"352","Bertrand Pancher","UDI","Union des Radicaux, centristes, indépendants et démocrates","Meuse",333421,2
"353","Luce Pane","SRC","Parti socialiste","Seine-Maritime",267534,2
"354","Christian Paul","SRC","Parti socialiste","Nièvre",2338,5
"355","Rémi Pauvros","SRC","Parti socialiste","Nord",607769,5
"356","Hervé Pellois","SRC","Parti socialiste","Morbihan",607595,2
"357","Jean-Claude Perez","SRC","Parti socialiste","Aude",2365,2
"358","Bernard Perrut","LES-REP","Les Républicains","Rhône",2377,2
"359","Edouard Philippe","LES-REP","Les Républicains","Seine-Maritime",345619,1
"360","Sylvie Pichot","SRC","Parti socialiste","Mayenne",642844,5
"361","Sébastien Pietrasanta","SRC","Parti socialiste","Hauts-de-Seine",610075,1
"362","Martine Pinville","SRC","Parti socialiste","Charente",330981,3
"363","Christine Pires Beaune","SRC","Parti socialiste","Puy-de-Dôme",608172,2
"364","Michel Piron","UDI","Union des Radicaux, centristes, indépendants et démocrates","Maine-et-Loire",267469,3
"365","Philippe Plisson","SRC","Parti socialiste","Gironde",2430,2
"366","Elisabeth Pochon","SRC","Parti socialiste","Seine-Saint-Denis",610313,2
"367","Jean-Frédéric Poisson","LES-REP","Les Républicains","Yvelines",345937,2
"368","Bérengère Poletti","LES-REP","Les Républicains","Ardennes",267260,1
"369","Napole Polutélé","SRC","Parti socialiste","Wallis-et-Futuna",693008,5
"370","Barbara Pompili","ECOLO","Parti socialiste","Somme",609520,1
"371","Josette Pons","LES-REP","Les Républicains","Var",267598,2
"372","Pascal Popelin","SRC","Parti socialiste","Seine-Saint-Denis",610354,2
"373","Dominique Potier","SRC","Parti socialiste","Meurthe-et-Moselle",607553,5
"374","Émilienne Poumirol","SRC","Parti socialiste","Haute-Garonne",606375,5
"375","Michel Pouzol","SRC","Parti socialiste","Essonne",609963,1
"376","Régine Povéda","SRC","Parti socialiste","Lot-et-Garonne",642805,1
"377","Christophe Premat","SRC","Parti socialiste","Français établis hors de France",643069,3
"378","Christophe Priou","LES-REP","Les Républicains","Loire-Atlantique",267728,1
"379","Joaquim Pueyo","SRC","Parti socialiste","Orne",608011,2
"380","François Pupponi","SRC","Parti socialiste","Val-d'Oise",405480,3
"381","Catherine Quéré","SRC","Parti socialiste","Charente-Maritime",331014,5
"382","Didier Quentin","LES-REP","Les Républicains","Charente-Maritime",2492,2
"383","Marie Récalde","SRC","Parti socialiste","Gironde",341981,2
"384","Valérie Rabault","SRC","Parti socialiste","Tarn-et-Garonne",609590,2
"385","Monique Rabin","SRC","Parti socialiste","Loire-Atlantique",607187,2
"386","Frédéric Reiss","LES-REP","Les Républicains","Bas-Rhin",266776,5
"387","Jean-Luc Reitzer","LES-REP","Les Républicains","Haut-Rhin",2529,2
"388","Marie-Line Reynaud","SRC","Parti socialiste","Charente",2549,5
"389","Franck Reynier","UDI","Union des Radicaux, centristes, indépendants et démocrates","Drôme",331442,5
"390","Arnaud Richard","UDI","Union des Radicaux, centristes, indépendants et démocrates","Yvelines",345897,5
"391","Eduardo Rihan Cypel","SRC","Parti socialiste","Seine-et-Marne",609292,1
"392","Arnaud Robinet","LES-REP","Les Républicains","Marne",417099,2
"393","Camille de Rocca Serra","LES-REP","Les Républicains","Corse-du-Sud",267689,1
"394","François Rochebloine","UDI","Union des Radicaux, centristes, indépendants et démocrates","Loire",2597,1
"395","Alain Rodet","SRC","Parti socialiste","Haute-Vienne",2600,5
"396","Sophie Rohfritsch","LES-REP","Les Républicains","Bas-Rhin",608380,1
"397","Frédéric Roig","SRC","Parti socialiste","Hérault",606586,5
"398","Barbara Romagnan","SRC","Parti socialiste","Doubs",605952,3
"399","Gwendal Rouillard","SRC","Parti socialiste","Morbihan",343493,1
"400","Jean-Louis Roumegas","ECOLO","Europe Écologie Les Verts","Hérault",606545,1
"401","René Rouquet","SRC","Parti socialiste","Val-de-Marne",2631,2
"402","Alain Rousset","SRC","Parti socialiste","Gironde",331990,1
"403","François de Rugy","ECOLO","Parti socialiste","Loire-Atlantique",332747,1
"404","Martial Saddier","LES-REP","Les Républicains","Haute-Savoie",267527,1
"405","Maina Sage","UDI","Rautahi - Rassemblement pour la Polynésie Française","Polynésie Française",702052,1
"406","Boinali Said","SRC","Parti socialiste","Mayotte",610752,5
"407","Stéphane Saint-André","RRDP","Parti radical de gauche","Pas-de-Calais",608120,2
"408","Paul Salen","LES-REP","Les Républicains","Loire",2664,1
"409","Rudy Salles","UDI","Association PSLE - Nouveau Centre","Alpes-Maritimes",2667,1
"410","Nicolas Sansu","GDR","Parti communiste Français","Cher",605745,4
"411","Béatrice Santais","SRC","Parti socialiste","Savoie",608778,2
"412","Eva Sas","ECOLO","Europe Écologie Les Verts","Essonne",610002,3
"413","Odile Saugues","SRC","Parti socialiste","Puy-de-Dôme",2685,5
"414","François Sauvadet","UDI","Union des Radicaux, centristes, indépendants et démocrates","Côte-d'Or",2690,5
"415","Gilbert Sauvan","SRC","Parti socialiste","Alpes-de-Haute-Provence",2693,1
"416","Gilles Savary","SRC","Parti socialiste","Gironde",606495,2
"417","François Scellier","LES-REP","Les Républicains","Val-d'Oise",2700,1
"418","Claudine Schmid","LES-REP","Les Républicains","Français établis hors de France",610924,5
"419","André Schneider","LES-REP","Les Républicains","Bas-Rhin",2707,1
"420","Gérard Sebaoun","SRC","Parti socialiste","Val-d'Oise",610529,2
"421","Jean-Marie Sermier","LES-REP","Les Républicains","Jura",267204,3
"422","Gabriel Serville","GDR","Parti socialiste Guyanais","Guyane",610667,3
"423","Fernand Siré","LES-REP","Les Républicains","Pyrénées-Orientales",344492,2
"424","Christophe Sirugue","SRC","Parti socialiste","Saône-et-Loire",335017,1
"425","Thierry Solère","LES-REP","Les Républicains","Hauts-de-Seine",346876,2
"426","Julie Sommaruga","SRC","Parti socialiste","Hauts-de-Seine",610195,1
"427","Éric Straumann","LES-REP","Les Républicains","Haut-Rhin",334654,1
"428","Claude Sturni","LES-REP","Les Républicains","Bas-Rhin",608434,2
"429","Lionel Tardy","LES-REP","Les Républicains","Haute-Savoie",335159,5
"430","Jean-Charles Taugourdeau","LES-REP","Les Républicains","Maine-et-Loire",2792,1
"431","Guy Teissier","LES-REP","Les Républicains","Bouches-du-Rhône",2796,5
"432","Gérard Terrier","SRC","Parti socialiste","Moselle",2800,5
"433","Jean-Marie Tetart","LES-REP","Les Républicains","Yvelines",609442,2
"434","Thomas Thévenoud","NI","Parti radical de gauche","Saône-et-Loire",608672,5
"435","Dominique Tian","LES-REP","Les Républicains","Bouches-du-Rhône",2815,5
"436","Sylvie Tolmont","SRC","Parti socialiste","Sarthe",608741,2
"437","Alain Tourret","RRDP","Parti radical de gauche","Calvados",2828,5
"438","Stéphane Travert","SRC","Parti socialiste","Manche",607395,2
"439","Catherine Troallic","SRC","Parti socialiste","Seine-Maritime",609205,5
"440","Jean-Paul Tuaiva","UDI","Rautahi - Rassemblement pour la Polynésie Française","Polynésie Française",610820,5
"441","Cécile Untermaier","SRC","Parti socialiste","Saône-et-Loire",608695,1
"442","Olivier Véran","SRC","Parti socialiste","Isère",642788,5
"443","Daniel Vaillant","SRC","Parti socialiste","Paris",2859,4
"444","Jacques Valax","SRC","Parti socialiste","Tarn",336112,2
"445","Clotilde Valter","SRC","Parti socialiste","Calvados",605606,1
"446","François Vannson","LES-REP","Les Républicains","Vosges",2876,2
"447","Catherine Vautrin","LES-REP","Les Républicains","Marne",267797,2
"448","Michel Vauzelle","SRC","Parti socialiste","Bouches-du-Rhône",2883,1
"449","Francis Vercamer","UDI","Association PSLE - Nouveau Centre","Nord",267585,1
"450","Patrice Verchère","LES-REP","Les Républicains","Rhône",334843,2
"451","Fabrice Verdier","SRC","Parti socialiste","Gard",606230,2
"452","Michel Vergnier","SRC","Parti socialiste","Creuse",2895,1
"453","Arnaud Viala","LES-REP","Les Républicains","Aveyron",709315,3
"454","Jean-Sébastien Vialatte","LES-REP","Les Républicains","Var",2907,1
"455","Alain Vidalies","SRC","","Landes",2912,3
"456","Jean-Pierre Vigier","LES-REP","Les Républicains","Haute-Loire",607090,2
"457","Philippe Vigier","UDI","Union des Radicaux, centristes, indépendants et démocrates","Eure-et-Loir",331582,2
"458","Patrick Vignal","SRC","Parti socialiste","Hérault",606639,5
"459","François-Xavier Villain","UDI","Union des Radicaux, centristes, indépendants et démocrates","Nord",267765,2
"460","Jean-Michel Villaumé","SRC","Parti socialiste","Haute-Saône",334951,3
"461","Philippe Vitel","LES-REP","Les Républicains","Var",267506,2
"462","Jean Jacques Vlody","SRC","Parti socialiste","Réunion",610701,2
"463","Jean-Luc Warsmann","LES-REP","Les Républicains","Ardennes",2952,1
"464","Éric Woerth","LES-REP","Les Républicains","Oise",2960,2
"465","Paola Zanetti","SRC","Parti socialiste","Moselle",607699,2
"466","Marie-Jo Zimmermann","LES-REP","Les Républicains","Moselle",2971,2
"467","Michel Zumkeller","UDI","Union des Radicaux, centristes, indépendants et démocrates","Territoire de Belfort",267330,1
